직원ID,토익점수
366,944
675,925
647,894
651,891
264,851
268,846
891,826
359,803
824,775
215,765
548,744
351,720
354,704
267,691
486,669
625,639
648,632
602,614
814,611
604,605
555,602
412,568
679,564
415,555
649,547
526,511
356,508
913,504
